kind,scheduled_send_s,control_time_s,reference_um,reference_velocity_um_s,following_error_um,correction_velocity_um_s,command_velocity_um_s,token,sent_abs_s,write_end_abs_s,ack_abs_s,write_ok,ack_required
VELOCITY_TRIM,0.0,8.040014654397964e-05,439.33842235219527,0.3216005861759186,1.292836714128498e-05,0.0,0.0,10,1709357.3120832,1709357.3121574,,True,False
VELOCITY_TRIM,0.01,0.010676200035959482,439.56637191824376,42.70480014383793,0.22796249441563532,0.0,42.38319955766201,11,1709357.3227654,1709357.3229642,,True,False
VELOCITY_TRIM,0.02,0.021010500146076083,440.22129165660465,84.04200058430433,0.5712367249640238,4.56989379971219,83.72039999812841,12,1709357.3330127,1709357.333131,,True,False
VELOCITY_TRIM,0.03,0.03161299997009337,441.3371729580464,126.45199988037348,0.9571375576557557,7.657100461246046,126.13039929419756,13,1709357.3436715,1709357.3438509,,True,False
VELOCITY_TRIM,0.04,0.04017890011891723,442.56709745335996,160.7156004756689,1.0807082932037133,8.645666345629706,160.393999889493,14,1709357.3521797,1709357.3523777,,True,False
VELOCITY_TRIM,0.05,0.05073340004310012,444.48508943244815,200.0,1.4383059851825237,11.50644788146019,202.61199958622456,15,1709357.3627378,1709357.3628859,,True,False
VELOCITY_TRIM,0.06,0.06177889998070896,446.6941894199699,200.0,1.7330993320792913,13.86479465663433,213.86479465663433,16,1709357.3737777,1709357.3738961,,True,False
VELOCITY_TRIM,0.07,0.0713599999435246,448.61040941253304,200.0,1.5348173715174198,12.278538972139359,212.27853897213936,17,1709357.383369,1709357.3835678,,True,False
VELOCITY_TRIM,0.08,0.08081359998323023,450.5011294204742,200.0,1.2998659927397966,10.398927941918373,210.39892794191837,18,1709357.3928355,1709357.3929669,,True,False
VELOCITY_TRIM,0.09,0.09006329998373985,452.3510694205761,200.0,1.0446119010448456,8.356895208358765,208.35689520835876,19,1709357.4020687,1709357.4021757,,True,False
VELOCITY_TRIM,0.1,0.10163259995169938,454.664929414168,200.0,1.2753420118242502,10.202736094594002,210.202736094594,20,1709357.4136411,1709357.4137589,,True,False
VELOCITY_TRIM,0.11,0.11170569993555546,456.6795494109392,200.0,1.1919395476579666,9.535516381263733,209.53551638126373,21,1709357.4237118,1709357.4238125,,True,False
VELOCITY_TRIM,0.12,0.12067839992232621,458.47408940829337,200.0,0.8898608926683664,7.1188871413469315,207.11888714134693,22,1709357.432687,1709357.4328075,,True,False
VELOCITY_TRIM,0.13,0.13064310001209378,460.4670294262469,200.0,0.8099859692156315,6.479887753725052,206.47988775372505,23,1709357.4426478,1709357.44276,,True,False
VELOCITY_TRIM,0.14,0.14062940003350377,462.4642894305289,200.0,0.7427012957632542,5.941610366106033,205.94161036610603,25,1709357.4526274,1709357.4527047,,True,False
VELOCITY_TRIM,0.15,0.15122610004618764,464.58362943306565,200.0,0.8022573627531528,6.418058902025223,206.41805890202522,26,1709357.4632335,1709357.4633274,,True,False
VELOCITY_TRIM,0.16,0.16081489995121956,466.50138941407204,200.0,0.6565712988376617,5.252570390701294,205.2525703907013,27,1709357.4728226,1709357.4729415,,True,False
VELOCITY_TRIM,0.17,0.17106449999846518,468.55130942352116,200.0,0.6532991696149111,5.226393356919289,205.2263933569193,28,1709357.4830706,1709357.4831936,,True,False
VELOCITY_TRIM,0.18,0.1810671000275761,470.55182942934334,200.0,0.6018172223120928,4.814537778496742,204.81453777849674,29,1709357.49308,1709357.4931962,,True,False
VELOCITY_TRIM,0.19,0.19018279993906617,472.37496941164136,200.0,0.37652580812573433,3.0122064650058746,203.01220646500587,30,1709357.5021821,1709357.5023228,,True,False
VELOCITY_TRIM,0.2,0.2005340000614524,474.4452094361186,200.0,0.41704171150922775,3.336333692073822,203.33633369207382,31,1709357.5125338,1709357.5126605,,True,False
VELOCITY_TRIM,0.21,0.21178729995153844,476.6958694141358,200.0,0.6352309864014387,5.08184789121151,205.0818478912115,32,1709357.5237873,1709357.5239055,,True,False
VELOCITY_TRIM,0.22,0.22095050010830164,478.52850944548845,200.0,0.4209349825978279,3.3674798607826233,203.36747986078262,33,1709357.5329546,1709357.5330674,,True,False
VELOCITY_TRIM,0.23,0.23201910010538995,480.7422294449061,200.0,0.5992851089686155,4.794280871748924,204.79428087174892,34,1709357.5440227,1709357.5441616,,True,False
VELOCITY_TRIM,0.24,0.24224080005660653,482.78656943514943,200.0,0.5991915054619312,4.79353204369545,204.79353204369545,35,1709357.5542688,1709357.5543943,,True,False
VELOCITY_TRIM,0.25,0.250082700047642,484.3549494333565,200.0,0.12045236304402351,0.0,200.0,36,1709357.5620836,1709357.5621895,,True,False
VELOCITY_TRIM,0.26,0.2606449001468718,486.4673894532025,200.0,0.23277031257748604,0.0,200.0,37,1709357.572648,1709357.5727572,,True,False
VELOCITY_TRIM,0.27,0.27017199993133545,488.3728094100952,200.0,0.13806819915771484,0.0,200.0,38,1709357.5821777,1709357.5823268,,True,False
VELOCITY_TRIM,0.28,0.2810166000854224,490.5417294409126,200.0,0.30686615966260433,2.4549292773008347,202.45492927730083,39,1709357.5930228,1709357.5931358,,True,False
VELOCITY_TRIM,0.29,0.2919402001425624,492.7264494523406,200.0,0.4700407609343529,3.760326087474823,203.76032608747482,40,1709357.6039407,1709357.604042,,True,False
VELOCITY_TRIM,0.3,0.3010311999823898,494.5446494203061,200.0,0.25332861952483654,0.0,200.0,41,1709357.6130347,1709357.6131968,,True,False
VELOCITY_TRIM,0.31,0.3111415000166744,496.566709427163,200.0,0.2715128939598799,0.0,200.0,42,1709357.6231477,1709357.623266,,True,False
VELOCITY_TRIM,0.32,0.32036549993790686,498.4115094114095,200.0,0.11619080789387226,0.0,200.0,43,1709357.6323848,1709357.6325252,,True,False
VELOCITY_TRIM,0.33,0.33070409996435046,500.4792294166982,200.0,0.1837887428700924,0.0,200.0,44,1709357.6427101,1709357.6428303,,True,False
VELOCITY_TRIM,0.34,0.3404727999586612,502.43296941556036,200.0,0.13740667141973972,0.0,200.0,45,1709357.6524778,1709357.6526165,,True,False
VELOCITY_TRIM,0.35000000000000003,0.3523693000897765,504.8122694417834,200.0,0.5165846273303032,4.1326770186424255,204.13267701864243,46,1709357.6643931,1709357.6645731,,True,False
VELOCITY_TRIM,0.36,0.3601464999374002,506.36770941130817,200.0,1.0638458859175444,8.510767087340355,208.51076708734035,47,1709357.672152,1709357.672357,,True,False
VELOCITY_TRIM,0.37,0.3712162000592798,508.5816494356841,200.0,0.1727749239653349,0.0,200.0,48,1709357.6832179,1709357.6833192,,True,False
VELOCITY_TRIM,0.38,0.38129659998230636,510.5977294202894,200.0,0.18027946911752224,0.0,200.0,49,1709357.6933125,1709357.6934836,,True,False
VELOCITY_TRIM,0.39,0.3912951999809593,512.59744942002,200.0,0.17990791611373425,0.0,200.0,51,1709357.7032956,1709357.703382,,True,False
VELOCITY_TRIM,0.4,0.4013330000452697,514.6050094328821,200.0,0.18734585866332054,0.0,200.0,52,1709357.7133376,1709357.7134587,,True,False
VELOCITY_TRIM,0.41000000000000003,0.41031700000166893,516.4018094241619,200.0,-0.01597622036933899,0.0,200.0,53,1709357.72233,1709357.7224811,,True,False
VELOCITY_TRIM,0.42,0.42184130009263754,518.7066694423556,200.0,0.2887617275118828,0.0,200.0,54,1709357.7338629,1709357.7340771,,True,False
VELOCITY_TRIM,0.43,0.4308663001284003,520.5116694495082,200.0,0.09363966435194016,0.0,200.0,55,1709357.7428692,1709357.7430321,,True,False
VELOCITY_TRIM,0.44,0.4408961001317948,522.5176294501871,200.0,0.09947759471833706,0.0,200.0,56,1709357.7529155,1709357.7530629,,True,False
VELOCITY_TRIM,0.45,0.4514057000633329,524.6195494364947,200.0,0.20127551071345806,0.0,200.0,57,1709357.7634077,1709357.7635014,,True,False
VELOCITY_TRIM,0.46,0.46155859995633364,526.6501294150949,200.0,0.23173341900110245,0.0,200.0,58,1709357.7735626,1709357.7736834,,True,False
VELOCITY_TRIM,0.47000000000000003,0.47147420002147555,528.6332494281232,200.0,0.2147313617169857,0.0,200.0,59,1709357.7834761,1709357.7835728,,True,False
VELOCITY_TRIM,0.48,0.4806945000309497,530.4773094300181,200.0,0.05866929329931736,0.0,200.0,60,1709357.792694,1709357.7928023,,True,False
VELOCITY_TRIM,0.49,0.49095980008132756,532.5303694400936,200.0,0.11160723306238651,0.0,200.0,61,1709357.8029693,1709357.8031201,,True,False
VELOCITY_TRIM,0.5,0.5016075000166893,534.659909427166,200.0,0.2410251498222351,0.0,200.0,62,1709357.8136331,1709357.8138065,,True,False
VELOCITY_TRIM,0.51,0.5105312999803573,536.4446694198996,200.0,0.025663072243332863,0.0,200.0,63,1709357.8225317,1709357.8226315,,True,False
VELOCITY_TRIM,0.52,0.5215561001095921,538.6496294457465,200.0,0.23050102777779102,0.0,200.0,64,1709357.8335579,1709357.8336643,,True,False
VELOCITY_TRIM,0.53,0.5316681999247521,540.6720494087785,200.0,0.25279892049729824,0.0,200.0,65,1709357.8436736,1709357.8438079,,True,False
VELOCITY_TRIM,0.54,0.54080960014835,542.5003294534981,200.0,0.08095689490437508,0.0,200.0,66,1709357.8528115,1709357.8529339,,True,False
VELOCITY_TRIM,0.55,0.5508534000255167,544.5090894289315,200.0,0.08959480002522469,0.0,200.0,67,1709357.8628512,1709357.8629717,,True,False
VELOCITY_TRIM,0.56,0.560396800050512,546.4177694339305,200.0,-0.001847265288233757,0.0,200.0,68,1709357.8724093,1709357.8727672,,True,False
VELOCITY_TRIM,0.5700000000000001,0.5706009999848902,548.4586094208062,200.0,0.03887065127491951,0.0,200.0,69,1709357.8826527,1709357.8828269,,True,False
VELOCITY_TRIM,0.58,0.5802287000697106,550.3841494377702,200.0,-0.03571140207350254,0.0,200.0,70,1709357.8922449,1709357.8923655,,True,False
VELOCITY_TRIM,0.59,0.5903022000566125,552.3988494351506,200.0,-0.02113347500562668,0.0,200.0,71,1709357.9023121,1709357.9024118,,True,False
VELOCITY_TRIM,0.6,0.6008951999247074,554.5174494087696,200.0,0.09734442830085754,0.0,200.0,72,1709357.9129025,1709357.9130695,,True,False
VELOCITY_TRIM,0.61,0.6104415000882,556.4267094414681,200.0,0.006482390686869621,0.0,200.0,73,1709357.9224649,1709357.9226288,,True,False
VELOCITY_TRIM,0.62,0.6207799999974668,558.4944094233215,200.0,0.07406030222773552,0.0,200.0,74,1709357.9327793,1709357.9328664,,True,False
VELOCITY_TRIM,0.63,0.6305120999459177,560.4408294130117,200.0,0.020358221605420113,0.0,200.0,75,1709357.9425287,1709357.9427379,,True,False
VELOCITY_TRIM,0.64,0.6403701000381261,562.4124294314533,200.0,-0.008163830265402794,0.0,200.0,77,1709357.9523769,1709357.952467,,True,False
VELOCITY_TRIM,0.65,0.6507109999656677,564.4806094169617,200.0,0.05989408493041992,0.0,200.0,78,1709357.9627098,1709357.9628022,,True,False
VELOCITY_TRIM,0.66,0.6608826001174748,566.5149294473231,200.0,0.09409204497933388,0.0,200.0,79,1709357.9728806,1709357.9730407,,True,False
VELOCITY_TRIM,0.67,0.6717962000984699,568.6976494435221,200.0,0.2766899708658457,0.0,200.0,80,1709357.983798,1709357.9839137,,True,False
VELOCITY_TRIM,0.68,0.6808140999637544,570.501229416579,200.0,0.0801478736102581,0.0,200.0,81,1709357.9928149,1709357.9929383,,True,False
VELOCITY_TRIM,0.6900000000000001,0.6909026999492198,572.5189494136721,200.0,0.09774580039083958,0.0,200.0,82,1709358.002911,1709358.0030445,,True,False
VELOCITY_TRIM,0.7000000000000001,0.7008853999432176,574.5154894124717,200.0,0.09416372887790203,0.0,200.0,83,1709358.0128898,1709358.0130317,,True,False
VELOCITY_TRIM,0.71,0.7101221000775695,576.362829439342,200.0,-0.05861831456422806,0.0,200.0,84,1709358.0221556,1709358.0223756,,True,False
VELOCITY_TRIM,0.72,0.7212310000322759,578.5846094302833,200.0,0.16303960606455803,0.0,200.0,85,1709358.0332502,1709358.0333999,,True,False
VELOCITY_TRIM,0.73,0.7305048999842256,580.4393894206733,200.0,0.017697526142001152,0.0,200.0,86,1709358.0425274,1709358.0426573,,True,False
VELOCITY_TRIM,0.74,0.7403251000214368,582.4034294281155,200.0,-0.0183845367282629,0.0,200.0,87,1709358.0523871,1709358.0525681,,True,False
VELOCITY_TRIM,0.75,0.7507511000148952,584.4886294268072,200.0,0.06669339165091515,0.0,200.0,88,1709358.0627488,1709358.0628728,,True,False
VELOCITY_TRIM,0.76,0.7607605999801308,586.4905294198543,200.0,0.06847131438553333,0.0,200.0,89,1709358.0728115,1709358.0733967,,True,False
VELOCITY_TRIM,0.77,0.7711906000040472,588.5765294246376,200.0,0.15434924885630608,0.0,200.0,90,1709358.083193,1709358.0833202,,True,False
VELOCITY_TRIM,0.78,0.7801606999710202,590.3705494180322,200.0,-0.05175282806158066,0.0,200.0,91,1709358.0921813,1709358.0923243,,True,False
VELOCITY_TRIM,0.79,0.7912370001431555,592.5858094524592,200.0,0.16338513605296612,0.0,200.0,92,1709358.1032367,1709358.1033364,,True,False
VELOCITY_TRIM,0.8,0.8007263999897987,594.4836894217879,200.0,0.06114303506910801,0.0,200.0,93,1709358.1127262,1709358.1128297,,True,False
VELOCITY_TRIM,0.81,0.8105188000481576,596.4421694334596,200.0,0.01950097642838955,0.0,200.0,94,1709358.122521,1709358.1226149,,True,False
VELOCITY_TRIM,0.8200000000000001,0.8208984001539648,598.5180894546211,200.0,0.09529892727732658,0.0,200.0,95,1709358.1329346,1709358.1330668,,True,False
VELOCITY_TRIM,0.8300000000000001,0.8309895000420511,600.5363094322383,200.0,0.11339683458209038,0.0,200.0,96,1709358.1429903,1709358.1430929,,True,False
VELOCITY_TRIM,0.84,0.8420039999764413,602.7392094191164,200.0,0.31617475114762783,2.5293980091810226,202.52939800918102,97,1709358.1540069,1709358.1541289,,True,False
VELOCITY_TRIM,0.85,0.8506000000052154,604.4584094248712,200.0,0.015721436589956284,0.0,200.0,98,1709358.1626019,1709358.1627255,,True,False
VELOCITY_TRIM,0.86,0.860690200002864,606.4764494244009,200.0,0.031197959557175636,0.0,200.0,99,1709358.1727429,1709358.1729668,,True,False
VELOCITY_TRIM,0.87,0.8705901000648737,608.4564294368029,200.0,0.011055901646614075,0.0,200.0,100,1709358.1825926,1709358.1827024,,True,False
VELOCITY_TRIM,0.88,0.8806128001306206,610.4609694499522,200.0,0.015473844483494759,0.0,200.0,101,1709358.1926309,1709358.1927462,,True,False
VELOCITY_TRIM,0.89,0.8906682999804616,612.4720694199204,200.0,0.02645174413919449,0.0,200.0,103,1709358.2026733,1709358.2027497,,True,False
VELOCITY_TRIM,0.9,0.9017092001158744,614.680249447003,200.0,0.23450970090925694,0.0,200.0,104,1709358.2137125,1709358.2138403,,True,False
VELOCITY_TRIM,0.91,0.9108889000490308,616.5161894336343,200.0,0.07032761722803116,0.0,200.0,105,1709358.2229051,1709358.2230587,,True,False
VELOCITY_TRIM,0.92,0.9220004000235349,618.7384894285351,200.0,0.2925055418163538,0.0,200.0,106,1709358.2340183,1709358.2345957,,True,False
VELOCITY_TRIM,0.93,0.9319414000492543,620.726689433679,200.0,0.28058347664773464,0.0,200.0,107,1709358.2439483,1709358.2440934,,True,False
VELOCITY_TRIM,0.9400000000000001,0.9409354999661446,622.525509417057,200.0,0.07928138971328735,0.0,200.0,108,1709358.2529377,1709358.2530995,,True,False
VELOCITY_TRIM,0.9500000000000001,0.9509868000168353,624.5357694271952,200.0,0.08941932953894138,0.0,200.0,109,1709358.2629892,1709358.2631253,,True,False
VELOCITY_TRIM,0.96,0.9610144000034779,626.5412894245237,200.0,0.0948172565549612,0.0,200.0,110,1709358.2730728,1709358.2732398,,True,False
VELOCITY_TRIM,0.97,0.9710000001359731,628.5384094510227,200.0,0.09181521274149418,0.0,200.0,111,1709358.2830068,1709358.2831437,,True,False
VELOCITY_TRIM,0.98,0.9822206001263112,630.7825294490904,200.0,0.3358131404966116,2.6865051239728928,202.6865051239729,112,1709358.2942586,1709358.2946609,,True,False
VELOCITY_TRIM,0.99,0.9905058001168072,632.4395694471896,200.0,-0.025640513747930527,0.0,200.0,113,1709358.3025088,1709358.3026377,,True,False
VELOCITY_TRIM,1.0,1.001551500055939,634.6438951301687,193.79399977624433,0.1759385871999939,0.0,193.79399977624433,114,1709358.3135586,1709358.3136896,,True,False
VELOCITY_TRIM,1.01,1.0110704000107944,636.307381913189,155.71839995682257,-0.11089201259221682,0.0,155.71839995682257,115,1709358.3230769,1709358.3231889,,True,False
VELOCITY_TRIM,1.02,1.0211821000557393,637.6774667094332,115.27159977704304,-0.39009920853550284,-3.1207936682840227,115.27159977704304,116,1709358.3332073,1709358.3333595,,True,False
VELOCITY_TRIM,1.03,1.03009849996306,638.5462700163874,79.60600014776008,-0.8160957062688112,-6.52876565015049,79.60600014776008,117,1709358.3420999,1709358.3421994,,True,False
VELOCITY_TRIM,1.04,1.0411640000529587,639.1822596336999,35.34399978816527,-1.022879526456336,-8.183036211650688,35.34399978816526,118,1709358.3531859,1709358.3533342,,True,False
VELOCITY_TRIM,1.05,1.050640600034967,639.3384094238281,0.0,-1.341094970703125,-10.728759765625,0.0,119,1709358.3626441,1709358.3627772,,True,False
VELOCITY_TRIM,1.06,1.0601276999805123,639.3384094238281,0.0,-1.422210693359375,-11.377685546875,0.0,120,1709358.3721415,1709358.3722949,,True,False
VELOCITY_TRIM,1.07,1.0701185001526028,639.3384094238281,0.0,-1.422210693359375,-11.377685546875,0.0,121,1709358.3821206,1709358.3822447,,True,False
VELOCITY_TRIM,1.08,1.081108900019899,639.3384094238281,0.0,-1.422210693359375,-11.377685546875,0.0,122,1709358.3931042,1709358.3932255,,True,False
VELOCITY_TRIM,1.09,1.0904051000252366,639.3384094238281,0.0,-1.422210693359375,-11.377685546875,0.0,123,1709358.4024128,1709358.4025439,,True,False
VELOCITY_TRIM,1.1,1.1003934000618756,639.3384094238281,0.0,-1.422210693359375,-11.377685546875,0.0,124,1709358.4123948,1709358.4125165,,True,False
VELOCITY_TRIM,1.11,1.1103538000024855,639.3384094238281,0.0,-1.422210693359375,-11.377685546875,0.0,125,1709358.4223527,1709358.4224781,,True,False
VELOCITY_TRIM,1.12,1.1207010000944138,639.3384094238281,0.0,-1.422210693359375,-11.377685546875,0.0,126,1709358.4327219,1709358.4328555,,True,False
VELOCITY_TRIM,1.1300000000000001,1.1302917001303285,639.3384094238281,0.0,-1.422210693359375,-11.377685546875,0.0,127,1709358.4423189,1709358.4424667,,True,False
VELOCITY_TRIM,1.1400000000000001,1.1404405001085252,639.3384094238281,0.0,-1.422210693359375,-11.377685546875,0.0,128,1709358.4524606,1709358.4526277,,True,False
VELOCITY_TRIM,1.1500000000000001,1.1510099000297487,639.3384094238281,0.0,-1.422210693359375,-11.377685546875,0.0,130,1709358.4630091,1709358.4630956,,True,False
VELOCITY_TRIM,1.16,1.1610493999905884,639.3384094238281,0.0,-1.422210693359375,-11.377685546875,0.0,131,1709358.4730515,1709358.4731974,,True,False
VELOCITY_TRIM,1.17,1.1701430000830442,639.3384094238281,0.0,-1.422210693359375,-11.377685546875,0.0,132,1709358.4821433,1709358.4822421,,True,False
VELOCITY_TRIM,1.18,1.1818121999967843,639.3384094238281,0.0,-1.422210693359375,-11.377685546875,0.0,133,1709358.493815,1709358.4939327,,True,False
VELOCITY_TRIM,1.19,1.1903723001014441,639.3384094238281,0.0,-1.422210693359375,-11.377685546875,0.0,134,1709358.5023861,1709358.5025055,,True,False
VELOCITY_TRIM,1.2,1.2013979000039399,639.3384094238281,0.0,-1.422210693359375,-11.377685546875,0.0,135,1709358.5134215,1709358.5135697,,True,False
VELOCITY_TRIM,1.21,1.2107987999916077,639.3384094238281,0.0,-1.422210693359375,-11.377685546875,0.0,136,1709358.5227976,1709358.5228977,,True,False
VELOCITY_TRIM,1.22,1.2208761000074446,639.3384094238281,0.0,-1.422210693359375,-11.377685546875,0.0,137,1709358.5328938,1709358.5330121,,True,False
VELOCITY_TRIM,1.23,1.2320787999778986,639.3384094238281,0.0,-1.422210693359375,-11.377685546875,0.0,138,1709358.5441132,1709358.5442599,,True,False
VELOCITY_TRIM,1.24,1.2408549999818206,639.3384094238281,0.0,-1.422210693359375,-11.377685546875,0.0,139,1709358.5528687,1709358.5530321,,True,False
VELOCITY_TRIM,1.25,1.2514999001286924,639.3384094238281,0.0,-1.422210693359375,-11.377685546875,0.0,140,1709358.5635348,1709358.563617,,True,False
VELOCITY_TRIM,1.26,1.260984699940309,639.3384094238281,0.0,-1.422210693359375,-11.377685546875,0.0,141,1709358.5729853,1709358.573107,,True,False
VELOCITY_TRIM,1.27,1.270026700105518,639.3384094238281,0.0,-1.422210693359375,-11.377685546875,0.0,142,1709358.582088,1709358.5823063,,True,False
VELOCITY_TRIM,1.28,1.2802796999458224,639.3384094238281,0.0,-1.422210693359375,-11.377685546875,0.0,143,1709358.5922832,1709358.5923948,,True,False
VELOCITY_TRIM,1.29,1.290416399948299,639.3384094238281,0.0,-1.422210693359375,-11.377685546875,0.0,144,1709358.6024254,1709358.6025546,,True,False
VELOCITY_TRIM,1.3,1.3006698000244796,639.3384094238281,0.0,-1.422210693359375,-11.377685546875,0.0,145,1709358.6126761,1709358.6127866,,True,False
VELOCITY_TRIM,1.31,1.3118515000678599,639.3384094238281,0.0,-1.422210693359375,-11.377685546875,0.0,146,1709358.6238494,1709358.6239474,,True,False
VELOCITY_TRIM,1.32,1.3205194999463856,639.3384094238281,0.0,-1.422210693359375,-11.377685546875,0.0,147,1709358.6325392,1709358.6326626,,True,False
VELOCITY_TRIM,1.33,1.3303356000687927,639.3384094238281,0.0,-1.422210693359375,-11.377685546875,0.0,148,1709358.6423322,1709358.6424192,,True,False
VELOCITY_TRIM,1.34,1.3416288001462817,639.3384094238281,0.0,-1.422210693359375,-11.377685546875,0.0,149,1709358.6536452,1709358.6537825,,True,False
VELOCITY_TRIM,1.35,1.3506869000848383,639.3384094238281,0.0,-1.422210693359375,-11.377685546875,0.0,150,1709358.6627251,1709358.662913,,True,False
VELOCITY_TRIM,1.36,1.3602162001188844,639.3384094238281,0.0,-1.422210693359375,-11.377685546875,0.0,151,1709358.6722168,1709358.6723232,,True,False
VELOCITY_TRIM,1.37,1.3705565000418574,639.3384094238281,0.0,-1.422210693359375,-11.377685546875,0.0,152,1709358.6825605,1709358.682642,,True,False
VELOCITY_TRIM,1.3800000000000001,1.3800759001169354,639.3384094238281,0.0,-1.422210693359375,-11.377685546875,0.0,153,1709358.6920755,1709358.6921798,,True,False
VELOCITY_TRIM,1.3900000000000001,1.3911288001108915,639.3384094238281,0.0,-1.422210693359375,-11.377685546875,0.0,154,1709358.7031298,1709358.7032371,,True,False
VELOCITY_TRIM,1.4000000000000001,1.4008550001308322,639.3384094238281,0.0,-1.422210693359375,-11.377685546875,0.0,156,1709358.7128709,1709358.7129994,,True,False
VELOCITY_TRIM,1.41,1.411322500091046,639.3384094238281,0.0,-1.422210693359375,-11.377685546875,0.0,157,1709358.7233439,1709358.7234885,,True,False
VELOCITY_TRIM,1.42,1.4207059000618756,639.3384094238281,0.0,-1.422210693359375,-11.377685546875,0.0,158,1709358.732705,1709358.7328037,,True,False
VELOCITY_TRIM,1.43,1.4312084999401122,639.3384094238281,0.0,-1.422210693359375,-11.377685546875,0.0,159,1709358.7432191,1709358.7433354,,True,False
VELOCITY_TRIM,1.44,1.4416549999732524,639.3384094238281,0.0,-1.422210693359375,-11.377685546875,0.0,160,1709358.7536665,1709358.7538141,,True,False
VELOCITY_TRIM,1.45,1.4512406999710947,639.3384094238281,0.0,-1.422210693359375,-11.377685546875,0.0,161,1709358.7632465,1709358.7633533,,True,False
VELOCITY_TRIM,1.46,1.4606232000514865,639.3384094238281,0.0,-1.422210693359375,-11.377685546875,0.0,162,1709358.7726236,1709358.7727693,,True,False
VELOCITY_TRIM,1.47,1.4718331000767648,639.3384094238281,0.0,-1.422210693359375,-11.377685546875,0.0,163,1709358.7838333,1709358.783943,,True,False
VELOCITY_TRIM,1.48,1.4811657001264393,639.3384094238281,0.0,-1.422210693359375,-11.377685546875,0.0,164,1709358.7931678,1709358.7933154,,True,False
VELOCITY_TRIM,1.49,1.490732799982652,639.3384094238281,0.0,-1.422210693359375,-11.377685546875,0.0,165,1709358.8027418,1709358.8028892,,True,False
VELOCITY_TRIM,1.5,1.5017602001316845,639.3384094238281,0.0,-1.422210693359375,-11.377685546875,0.0,166,1709358.8137622,1709358.8138959,,True,False
VELOCITY_TRIM,1.51,1.5110856001265347,639.3384094238281,0.0,-1.422210693359375,-11.377685546875,0.0,167,1709358.8231427,1709358.8233503,,True,False
VELOCITY_TRIM,1.52,1.520849399967119,639.3384094238281,0.0,-1.422210693359375,-11.377685546875,0.0,168,1709358.8328469,1709358.8329483,,True,False
VELOCITY_TRIM,1.53,1.5304507999680936,639.3384094238281,0.0,-1.422210693359375,-11.377685546875,0.0,169,1709358.8424666,1709358.8426319,,True,False
VELOCITY_TRIM,1.54,1.541589600034058,639.3384094238281,0.0,-1.422210693359375,-11.377685546875,0.0,170,1709358.8535927,1709358.8537066,,True,False
