host_abs_s,mcu_s,position_um,seq,state,error,flags,overflow,time_s,receive_time_s,velocity_um_s,reference_um,reference_velocity_um_s,following_error_um
1709357.2142156,843171.227,439.3384094238281,154,0,0,8,0,-0.0999710001051426,-0.0977596000302583,,439.3384094238281,0.0,0.0
1709357.2295008,843171.232,439.3384094238281,155,0,0,8,0,-0.09497099998407066,-0.08247440005652606,0.0,439.3384094238281,0.0,0.0
1709357.2295168,843171.237,439.3384094238281,156,0,0,8,0,-0.08997100009582937,-0.08245839993469417,0.0,439.3384094238281,0.0,0.0
1709357.2295201,843171.242,439.3384094238281,157,0,0,8,0,-0.08497100020758808,-0.08245510002598166,0.0,439.3384094238281,0.0,0.0
1709357.2451169,843171.247,439.3384094238281,158,0,0,8,0,-0.07997100008651614,-0.06685830000787973,0.0,439.3384094238281,0.0,0.0
1709357.2451323,843171.252,439.3384094238281,159,0,0,8,0,-0.07497099996544421,-0.06684289989061654,0.0,439.3384094238281,0.0,0.0
1709357.2451355,843171.257,439.3384094238281,160,0,0,8,0,-0.06997100007720292,-0.06683969986625016,0.0,439.3384094238281,0.0,0.0
1709357.2602032,843171.262,439.3384094238281,161,0,0,8,0,-0.06497100018896163,-0.05177200003527105,0.0,439.3384094238281,0.0,0.0
1709357.2602169,843171.267,439.3384094238281,162,0,0,8,0,-0.05997100006788969,-0.05175830004736781,0.0,439.3384094238281,0.0,0.0
1709357.2602199,843171.272,439.3384094238281,163,0,0,8,0,-0.054970999946817756,-0.05175530002452433,0.0,439.3384094238281,0.0,0.0
1709357.2762188,843171.277,439.3384094238281,164,0,0,8,0,-0.049971000058576465,-0.03575639985501766,0.0,439.3384094238281,0.0,0.0
1709357.2762342,843171.282,439.3384094238281,165,0,0,8,0,-0.044971000170335174,-0.03574099997058511,0.0,439.3384094238281,0.0,0.0
1709357.2762374,843171.287,439.3384094238281,166,0,0,8,0,-0.03997100004926324,-0.03573779994621873,0.0,439.3384094238281,0.0,0.0
1709357.292183,843171.292,439.3384094238281,167,0,0,8,0,-0.034970999928191304,-0.019792200066149235,0.0,439.3384094238281,0.0,0.0
1709357.2921972,843171.297,439.3384094238281,168,0,0,8,0,-0.029971000039950013,-0.01977799995802343,0.0,439.3384094238281,0.0,0.0
1709357.2922003,843171.302,439.3384094238281,169,0,0,8,0,-0.024971000151708722,-0.01977490005083382,0.0,439.3384094238281,0.0,0.0
1709357.2922021,843171.307,439.3384094238281,170,0,0,8,0,-0.019971000030636787,-0.019773100037127733,0.0,439.3384094238281,0.0,0.0
1709357.3060881,843171.312,439.3384094238281,171,0,0,8,0,-0.014970999909564853,-0.0058871000073850155,0.0,439.3384094238281,0.0,0.0
1709357.3060953,843171.317,439.3384094238281,172,0,0,8,0,-0.009971000021323562,-0.005879899952560663,0.0,439.3384094238281,0.0,0.0
1709357.3073164,843171.322,439.3384094238281,173,0,0,8,0,-0.004971000133082271,-0.004658799851313233,0.0,439.3384094238281,0.0,0.0
1709357.3120473,843171.327,439.3384094238281,174,0,0,8,0,2.8999987989664078e-05,7.209996692836285e-05,0.0,439.3384111058267,0.11599995195865631,1.6819985830807127e-06
1709357.3179865,843171.332,439.3384094238281,175,1,0,8,0,0.005029000109061599,0.006011300021782517,0.0,439.388991108022,20.116000436246395,0.050581684193900855
1709357.3226016,843171.337,439.3384094238281,176,1,0,8,0,0.01002899999730289,0.010626400122419,0.0,439.5395711057199,40.11599998921156,0.20116168189179007
1709357.3289903,843171.342,439.43841552734375,177,1,0,8,0,0.015028999885544181,0.017015099991112947,20.00122115018713,439.7901510989475,60.11599954217672,0.35173557160374
1709357.3329742,843171.347,439.6500549316406,178,1,0,8,0,0.020028999773785472,0.020998999942094088,42.327881805476885,440.1407310877047,80.11599909514189,0.4906761560640689
1709357.3375304,843171.352,439.9616394042969,179,1,0,8,0,0.025028999894857407,0.025555199943482876,62.31689302228464,440.59131109530165,100.11599957942963,0.6296716910047735
1709357.3435667,843171.357,440.3800354003906,180,1,0,8,0,0.03002900001592934,0.031591499922797084,83.67919719250953,441.1418911077415,120.11600006371737,0.7618557073508896
1709357.3486532,843171.362,440.8584289550781,181,1,0,8,0,0.03502899990417063,0.036678000120446086,95.67871307608588,441.7924710924009,140.11599961668253,0.9340421373227628
1709357.3521442,843171.367,441.48638916015625,182,1,0,8,0,0.04002899979241192,0.04016899992711842,125.59204382282593,442.54305107258995,160.1159991696477,1.0566619124336967
1709357.3571714,843171.372,442.2452392578125,183,1,0,8,0,0.04502899991348386,0.04519620002247393,151.7700158562321,443.3936310902452,180.11599965393543,1.1483918324327078
1709357.3626916,843171.377,443.0467834472656,184,1,0,8,0,0.05002900003455579,0.050716400146484375,160.30883400884485,444.3442094307393,200.0,1.2974259834736586
1709357.3688141,843171.382,443.9483642578125,185,1,0,8,0,0.055028999922797084,0.05683890008367598,180.31616613975538,445.34420940838754,200.0,1.3958451505750418
1709357.3737422,843171.387,444.9610900878906,186,1,0,8,0,0.060028999811038375,0.06176700000651181,202.54517054286237,446.3442093860358,200.0,1.383119298145175
1709357.3777889,843171.392,446.00640869140625,187,1,0,8,0,0.06502899993211031,0.06581369997002184,209.06371564077529,447.3442094102502,200.0,1.337800718843937
1709357.3833137,843171.397,447.0755920410156,188,1,0,8,0,0.07002900005318224,0.07133850012905896,213.83666474395125,448.3442094344646,200.0,1.2686173934489489
1709357.3877518,843171.402,448.1400146484375,189,1,0,8,0,0.07502899994142354,0.07577660004608333,212.88452624271497,449.34420941211283,200.0,1.204194763675332
1709357.3927735,843171.407,449.2012634277344,190,1,0,8,0,0.08002899982966483,0.0807982999831438,212.24976060352685,450.3442093897611,200.0,1.1429459620267153
1709357.3973315,843171.412,450.25482177734375,191,1,0,8,0,0.08502899995073676,0.08535629999823868,210.7116648196212,451.3442094139755,200.0,1.0893876366317272
1709357.4020182,843171.417,451.30645751953125,192,1,0,8,0,0.0900290000718087,0.09004299994558096,210.32714334455716,452.34420943818986,200.0,1.0377519186586142
1709357.4090509,843171.422,452.3480224609375,193,1,0,8,0,0.09502899996004999,0.09707570006139576,208.31299293740824,453.3442094158381,200.0,0.9961869549006224
1709357.4135802,843171.427,453.38958740234375,194,1,0,8,0,0.10002899984829128,0.10160499997437,208.31299293740824,454.3442093934864,200.0,0.9546219911426306
1709357.4170389,843171.432,454.4367370605469,195,1,0,8,0,0.10502899996936321,0.10506370011717081,209.4299265694077,455.34420941770077,200.0,0.9074723571538925
1709357.4236527,843171.437,455.48760986328125,196,1,0,8,0,0.11002900009043515,0.11167749995365739,210.17455545762698,456.34420944191515,200.0,0.8565995786339045
1709357.4275632,843171.442,456.53656005859375,197,1,0,8,0,0.11502899997867644,0.11558800004422665,209.7900437516729,457.3442094195634,200.0,0.8076493609696627
1709357.432602,843171.447,457.584228515625,198,1,0,8,0,0.12002899986691773,0.12062679999507964,209.53369608969308,458.34420939721167,200.0,0.7599808815866709
1709357.4380793,843171.452,458.62188720703125,199,1,0,8,0,0.12502899998798966,0.12610410014167428,207.5317332559963,459.34420942142606,200.0,0.7223222143948078
1709357.4425968,843171.457,459.65704345703125,200,1,0,8,0,0.1300290001090616,0.1306215999647975,207.03124498686532,460.34420944564044,200.0,0.6871659886091948
1709357.4481069,843171.462,460.68963623046875,201,1,0,8,0,0.1350289999973029,0.13613170012831688,206.51855930354952,461.3442094232887,200.0,0.654573192819953
1709357.4525913,843171.467,461.7215881347656,202,1,0,8,0,0.14002899988554418,0.14061610004864633,206.39038547255961,462.34420940093696,200.0,0.6226212661713362
1709357.4586691,843171.472,462.751708984375,203,1,0,8,0,0.14502899977378547,0.14669389999471605,206.02417452687416,463.3442093785852,200.0,0.5925003942102194
1709357.4631824,843171.477,463.7813720703125,204,1,0,8,0,0.1500289998948574,0.15120720001868904,205.93261220096804,464.3442094027996,200.0,0.5628373324871063
1709357.4671943,843171.482,464.8128662109375,205,1,0,8,0,0.15502900001592934,0.15521909995004535,206.29882312960046,465.344209427014,200.0,0.5313432160764933
1709357.4727627,843171.487,465.8448181152344,206,1,0,8,0,0.16002899990417063,0.16078749997541308,206.39038547255961,466.34420940466225,200.0,0.4993912894278765
1709357.47785,843171.492,466.87200927734375,207,1,0,8,0,0.16502899979241192,0.16587479994632304,205.43823701377744,467.3442093823105,200.0,0.4722001049667597
1709357.4830154,843171.497,467.89801025390625,208,1,0,8,0,0.17002899991348386,0.1710401999298483,205.20019034370318,468.3442094065249,200.0,0.4461991526186466
1709357.4875578,843171.502,468.92401123046875,209,1,0,8,0,0.1750290000345558,0.17558260005898774,205.20019034370318,469.3442094307393,200.0,0.42019820027053356
1709357.4930169,843171.507,469.95001220703125,210,1,0,8,0,0.18002899992279708,0.1810417000669986,205.2001998990819,470.34420940838754,200.0,0.39419720135629177
1709357.4986691,843171.512,470.97442626953125,211,1,0,8,0,0.18502899981103837,0.18669390003196895,204.88281707948784,471.3442093860358,200.0,0.36978311650455
1709357.5021385,843171.517,471.9984436035156,212,1,0,8,0,0.1900289999321103,0.19016330013982952,204.80346183768472,472.3442094102502,200.0,0.3457658067345619
1709357.5085396,843171.522,473.0133056640625,213,1,0,8,0,0.19502900005318224,0.19656440010294318,202.9724071945226,473.3442094344646,200.0,0.33090377040207386
1709357.5124883,843171.527,474.0281677246094,214,1,0,8,0,0.20002899994142354,0.2005131000187248,202.97241664616206,474.34420941211283,200.0,0.31604168750345707
1709357.5171254,843171.532,475.04425048828125,215,1,0,8,0,0.20502899982966483,0.2051502000540495,203.21655727661903,475.3442093897611,200.0,0.2999589014798403
1709357.5237361,843171.537,476.0606384277344,216,1,0,8,0,0.21002899995073676,0.21176089998334646,203.27758296838294,476.3442094139755,200.0,0.2835709862411022
1709357.5279544,843171.542,477.08233642578125,217,1,0,8,0,0.2150290000718087,0.21597920008935034,204.33959466141698,477.34420943818986,200.0,0.26187301240861416
1709357.5329087,843171.547,478.1075744628906,218,1,0,8,0,0.22002899996005,0.22093349997885525,205.0476120050463,478.3442094158381,200.0,0.23663495294749737
1709357.5374182,843171.552,479.1260986328125,219,1,0,8,0,0.22502899984829128,0.22544299997389317,203.70483853753296,479.3442093934864,200.0,0.21811076067388058
1709357.5439661,843171.557,480.1429443359375,220,1,0,8,0,0.2300289999693632,0.23199090012349188,203.36913570054105,480.34420941770077,200.0,0.20126508176326752
1709357.547947,843171.562,481.163818359375,221,1,0,8,0,0.23502900009043515,0.23597180005162954,204.1747997435324,481.34420944191515,200.0,0.18039108254015446
1709357.5541723,843171.567,482.1873779296875,222,1,0,8,0,0.24002899997867644,0.24219710007309914,204.71191863816796,482.3442094195634,200.0,0.15683148987591267
1709357.559103,843171.572,483.2109375,223,1,0,8,0,0.24502899986691773,0.24712780001573265,204.71191863816796,483.34420939721167,200.0,0.13327189721167088
1709357.5620456,843171.577,484.2344970703125,224,1,0,8,0,0.25002899998798966,0.25007040007039905,204.71190910552662,484.34420942142606,200.0,0.10971235111355782
1709357.5686611,843171.582,485.23455810546875,225,1,0,8,0,0.2550290001090616,0.2566859000362456,200.01220218807714,485.34420944564044,200.0,0.10965134017169476
1709357.5726009,843171.587,486.234619140625,226,1,0,8,0,0.2600289999973029,0.26062570000067353,200.01221150187132,486.3442094232887,200.0,0.10959028266370296
1709357.5776029,843171.592,487.23468017578125,227,1,0,8,0,0.2650289998855442,0.26562770013697445,200.01221150187132,487.34420940093696,200.0,0.10952922515571117
1709357.5821254,843171.597,488.2347412109375,228,1,0,8,0,0.27002899977378547,0.27015019999817014,200.01221150187132,488.3442093785852,200.0,0.10946816764771938
1709357.5872087,843171.602,489.23480224609375,229,1,0,8,0,0.2750289998948574,0.2752334999386221,200.01220218807714,489.3442094027996,200.0,0.10940715670585632
1709357.5929643,843171.607,490.23486328125,230,1,0,8,0,0.28002900001592934,0.28098909999243915,200.01220218807714,490.344209427014,200.0,0.10934614576399326
1709357.5994752,843171.612,491.24444580078125,231,1,0,8,0,0.28502899990417063,0.28750000009313226,201.91650841943567,491.34420940466225,200.0,0.09976360388100147
1709357.603893,843171.617,492.25640869140625,232,1,0,8,0,0.2900289997924119,0.29191779997199774,202.39258264882676,492.3442093823105,200.0,0.08780069090425968
1709357.608375,843171.622,493.2724914550781,233,1,0,8,0,0.29502899991348386,0.29639980010688305,203.21654781361087,493.3442094065249,200.0,0.07171795144677162
1709357.6129842,843171.627,494.29132080078125,234,1,0,8,0,0.3000290000345558,0.3010090000461787,203.7658642065595,494.3442094307393,200.0,0.05288862995803356
1709357.6176288,843171.632,495.2951354980469,235,1,0,8,0,0.3050289999227971,0.30565360002219677,200.7629439405265,495.34420940838754,200.0,0.04907391034066677
1709357.6230094,843171.637,496.2951965332031,236,1,0,8,0,0.3100289998110384,0.3110342000145465,200.01221150187132,496.3442093860358,200.0,0.04901285283267498
1709357.6286803,843171.642,497.2952575683594,237,1,0,8,0,0.3150289999321103,0.31670510000549257,200.01220218807714,497.3442094102502,200.0,0.04895184189081192
1709357.6322579,843171.647,498.2953186035156,238,1,0,8,0,0.32002900005318224,0.32028270000591874,200.01220218807714,498.3442094344646,200.0,0.04889083094894886
1709357.637678,843171.652,499.2953796386719,239,1,0,8,0,0.32502899994142354,0.325702799949795,200.01221150187132,499.34420941211283,200.0,0.04882977344095707
1709357.6426618,843171.657,500.2954406738281,240,1,0,8,0,0.3300289998296648,0.33068659994751215,200.01221150187132,500.3442093897611,200.0,0.04876871593296528
1709357.6486869,843171.662,501.2955017089844,241,1,0,8,0,0.33502899995073676,0.3367117000743747,200.01220218807714,501.3442094139755,200.0,0.04870770499110222
1709357.6524189,843171.667,502.2955627441406,242,1,0,8,0,0.3400290000718087,0.3404437000863254,200.01220218807714,502.34420943818986,200.0,0.04864669404923916
1709357.6579433,843171.672,503.2956237792969,243,1,0,8,0,0.34502899996005,0.3459681000094861,200.01221150187132,503.3442094158381,200.0,0.04858563654124737
1709357.6643044,843171.677,504.2956848144531,244,1,0,8,0,0.3500289998482913,0.3523292001336813,200.01221150187132,504.3442093934864,200.0,0.04852457903325558
1709357.6686565,843171.682,505.3038635253906,245,1,0,8,0,0.3550289999693632,0.3566813000943512,201.63573730501423,505.34420941770077,200.0,0.04034589231014252
1709357.6731475,843171.687,506.32421875,246,1,0,8,0,0.36002900009043515,0.3611723000649363,204.07103998041987,506.34420944191515,200.0,0.019990691915154457
1709357.677165,843171.692,507.3665466308594,247,1,0,8,0,0.36502899997867644,0.36518980003893375,208.46558083144384,507.3442094195634,200.0,-0.022337211295962334
1709357.6831695,843171.697,508.40887451171875,248,1,0,8,0,0.37002899986691773,0.3711943000089377,208.46558083144384,508.34420939721167,200.0,-0.06466511450707912
1709357.6881969,843171.702,509.4173889160156,249,1,0,8,0,0.37502899998798966,0.3762217001058161,201.7028759752635,509.34420942142606,200.0,-0.07317949458956718
1709357.6932394,843171.707,510.4174499511719,250,1,0,8,0,0.3800290001090616,0.3812641999684274,200.01220218807714,510.34420944564044,200.0,-0.07324050553143024
1709357.6982283,843171.712,511.4175109863281,251,1,0,8,0,0.3850289999973029,0.3862531001213938,200.01221150187132,511.3442094232887,200.0,-0.07330156303942204
1709357.7032518,843171.717,512.4175415039062,252,1,0,8,0,0.3900289998855442,0.39127660007216036,200.0061079861099,512.344209400937,200.0,-0.07333210296928883
1709357.7077077,843171.722,513.4176025390625,253,1,0,8,0,0.39502899977378547,0.3957325001247227,200.01221150187132,513.3442093785852,200.0,-0.07339316047728062
1709357.7132724,843171.727,514.4176635742188,254,1,0,8,0,0.4000289998948574,0.4012972000055015,200.01220218807714,514.3442094027996,200.0,-0.07345417141914368
1709357.7177197,843171.732,515.417724609375,255,1,0,8,0,0.40502900001592934,0.4057444999925792,200.01220218807714,515.344209427014,200.0,-0.07351518236100674
1709357.7222701,843171.737,516.4177856445312,256,1,0,8,0,0.41002899990417063,0.41029489994980395,200.01221150187132,516.3442094046623,200.0,-0.07357623986899853
1709357.7288853,843171.742,517.4178466796875,257,1,0,8,0,0.4150289997924119,0.41691010002978146,200.01221150187132,517.3442093823105,200.0,-0.07363729737699032
1709357.7337908,843171.747,518.4179077148438,258,1,0,8,0,0.42002899991348386,0.4218156000133604,200.01220218807714,518.3442094065249,200.0,-0.07369830831885338
1709357.7373129,843171.752,519.41796875,259,1,0,8,0,0.4250290000345558,0.42533769994042814,200.01220218807714,519.3442094307393,200.0,-0.07375931926071644
1709357.7428176,843171.757,520.4180297851562,260,1,0,8,0,0.4300289999227971,0.43084240006282926,200.01221150187132,520.3442094083875,200.0,-0.07382037676870823
1709357.7488164,843171.762,521.4180908203125,261,1,0,8,0,0.4350289998110384,0.43684120010584593,200.01221150187132,521.3442093860358,200.0,-0.07388143427670002
1709357.7528416,843171.767,522.4181518554688,262,1,0,8,0,0.4400289999321103,0.4408664000220597,200.01220218807714,522.3442094102502,200.0,-0.07394244521856308
1709357.7588958,843171.772,523.418212890625,263,1,0,8,0,0.44502900005318224,0.446920600021258,200.01220218807714,523.3442094344646,200.0,-0.07400345616042614
1709357.7633537,843171.777,524.4182739257812,264,1,0,8,0,0.45002899994142354,0.45137850008904934,200.01221150187132,524.3442094121128,200.0,-0.07406451366841793
1709357.7673184,843171.782,525.4183349609375,265,1,0,8,0,0.4550289998296648,0.45534320012666285,200.01221150187132,525.3442093897611,200.0,-0.07412557117640972
1709357.7735056,843171.787,526.4183959960938,266,1,0,8,0,0.46002899995073676,0.46153039997443557,200.01220218807714,526.3442094139755,200.0,-0.07418658211827278
1709357.7774721,843171.792,527.41845703125,267,1,0,8,0,0.4650290000718087,0.46549690002575517,200.01220218807714,527.3442094381899,200.0,-0.07424759306013584
1709357.7834282,843171.797,528.4185180664062,268,1,0,8,0,0.47002899996005,0.47145300009287894,200.01221150187132,528.3442094158381,200.0,-0.07430865056812763
1709357.7875286,843171.802,529.4185791015625,269,1,0,8,0,0.4750289998482913,0.4755534001160413,200.01221150187132,529.3442093934864,200.0,-0.07436970807611942
1709357.7926512,843171.807,530.4186401367188,270,1,0,8,0,0.4800289999693632,0.4806760000064969,200.01220218807714,530.3442094177008,200.0,-0.07443071901798248
1709357.7978527,843171.812,531.418701171875,271,1,0,8,0,0.48502900009043515,0.48587750014849007,200.01220218807714,531.3442094419152,200.0,-0.07449172995984554
1709357.8029045,843171.817,532.4187622070312,272,1,0,8,0,0.49002899997867644,0.49092929996550083,200.01221150187132,532.3442094195634,200.0,-0.07455278746783733
1709357.807961,843171.822,533.4188232421875,273,1,0,8,0,0.49502899986691773,0.49598579993471503,200.01221150187132,533.3442093972117,200.0,-0.07461384497582912
1709357.813539,843171.827,534.4188842773438,274,1,0,8,0,0.5000289999879897,0.5015638000331819,200.01220218807714,534.3442094214261,200.0,-0.07467485591769218
1709357.8177977,843171.832,535.4189453125,275,1,0,8,0,0.5050290001090616,0.50582249998115,200.01220218807714,535.3442094456404,200.0,-0.07473586685955524
1709357.8224801,843171.837,536.4190063476562,276,1,0,8,0,0.5100289999973029,0.5105049000121653,200.01221150187132,536.3442094232887,200.0,-0.07479692436754704
1709357.8274985,843171.842,537.4190673828125,277,1,0,8,0,0.5150289998855442,0.5155233000405133,200.01221150187132,537.344209400937,200.0,-0.07485798187553883
1709357.833508,843171.847,538.4191284179688,278,1,0,8,0,0.5200289997737855,0.5215328000485897,200.01221150187132,538.3442093785852,200.0,-0.07491903938353062
1709357.838536,843171.852,539.419189453125,279,1,0,8,0,0.5250289998948574,0.5265608001500368,200.01220218807714,539.3442094027996,200.0,-0.07498005032539368
1709357.8436033,843171.857,540.4192504882812,280,1,0,8,0,0.5300290000159293,0.5316280999686569,200.01220218807714,540.344209427014,200.0,-0.07504106126725674
1709357.8475325,843171.862,541.4193115234375,281,1,0,8,0,0.5350289999041706,0.5355573000852019,200.01221150187132,541.3442094046623,200.0,-0.07510211877524853
1709357.8527593,843171.867,542.4193725585938,282,1,0,8,0,0.5400289997924119,0.5407841000705957,200.01221150187132,542.3442093823105,200.0,-0.07516317628324032
1709357.8578395,843171.872,543.41943359375,283,1,0,8,0,0.5450289999134839,0.5458643001038581,200.01220218807714,543.3442094065249,200.0,-0.07522418722510338
1709357.8628098,843171.877,544.4194946289062,284,1,0,8,0,0.5500290000345558,0.5508346001151949,200.01220218807714,544.3442094307393,200.0,-0.07528519816696644
1709357.8683589,843171.882,545.4195556640625,285,1,0,8,0,0.5550289999227971,0.5563837001100183,200.01221150187132,545.3442094083875,200.0,-0.07534625567495823
1709357.8723467,843171.887,546.4196166992188,286,1,0,8,0,0.5600289998110384,0.5603714999742806,200.01221150187132,546.3442093860358,200.0,-0.07540731318295002
1709357.8778946,843171.892,547.419677734375,287,1,0,8,0,0.5650289999321103,0.5659193999599665,200.01220218807714,547.3442094102502,200.0,-0.07546832412481308
1709357.8825253,843171.897,548.4197387695312,288,1,0,8,0,0.5700290000531822,0.5705500999465585,200.01220218807714,548.3442094344646,200.0,-0.07552933506667614
1709357.8870525,843171.902,549.4197998046875,289,1,0,8,0,0.5750289999414235,0.5750772999599576,200.01221150187132,549.3442094121128,200.0,-0.07559039257466793
1709357.8921542,843171.907,550.4198608398438,290,1,0,8,0,0.5800289998296648,0.5801790000405163,200.01221150187132,550.3442093897611,200.0,-0.07565145008265972
1709357.8977096,843171.912,551.419921875,291,1,0,8,0,0.5850289999507368,0.5857343999668956,200.01220218807714,551.3442094139755,200.0,-0.07571246102452278
1709357.9022456,843171.917,552.4199829101562,292,1,0,8,0,0.5900290000718087,0.5902704000473022,200.01220218807714,552.3442094381899,200.0,-0.07577347196638584
1709357.9082618,843171.922,553.4200439453125,293,1,0,8,0,0.59502899996005,0.5962865999899805,200.01221150187132,553.3442094158381,200.0,-0.07583452947437763
1709357.9128171,843171.927,554.4201049804688,294,1,0,8,0,0.6000289998482913,0.6008419001009315,200.01221150187132,554.3442093934864,200.0,-0.07589558698236942
1709357.9177912,843171.932,555.420166015625,295,1,0,8,0,0.6050289999693632,0.6058160001412034,200.01220218807714,555.3442094177008,200.0,-0.07595659792423248
1709357.9223762,843171.937,556.4202270507812,296,1,0,8,0,0.6100290000904351,0.610401000129059,200.01220218807714,556.3442094419152,200.0,-0.07601760886609554
1709357.9278519,843171.942,557.4202880859375,297,1,0,8,0,0.6150289999786764,0.6158767000306398,200.01221150187132,557.3442094195634,200.0,-0.07607866637408733
1709357.932734,843171.947,558.4203491210938,298,1,0,8,0,0.6200289998669177,0.6207588000688702,200.01221150187132,558.3442093972117,200.0,-0.07613972388207912
1709357.9374634,843171.952,559.42041015625,299,1,0,8,0,0.6250289999879897,0.6254881999921054,200.01220218807714,559.3442094214261,200.0,-0.07620073482394218
1709357.9424595,843171.957,560.4204711914062,300,1,0,8,0,0.6300290001090616,0.6304842999670655,200.01220218807714,560.3442094456404,200.0,-0.07626174576580524
1709357.9479811,843171.962,561.4205322265625,301,1,0,8,0,0.6350289999973029,0.6360059001017362,200.01221150187132,561.3442094232887,200.0,-0.07632280327379704
1709357.9521671,843171.967,562.4205932617188,302,1,0,8,0,0.6400289998855442,0.6401919000782073,200.01221150187132,562.344209400937,200.0,-0.07638386078178883
1709357.9577013,843171.972,563.420654296875,303,1,0,8,0,0.6450289997737855,0.64572610007599,200.01221150187132,563.3442093785852,200.0,-0.07644491828978062
1709357.9626668,843171.977,564.4207153320312,304,1,0,8,0,0.6500289998948574,0.6506916000507772,200.01220218807714,564.3442094027996,200.0,-0.07650592923164368
1709357.9677355,843171.982,565.4207763671875,305,1,0,8,0,0.6550290000159293,0.6557603001128882,200.01220218807714,565.344209427014,200.0,-0.07656694017350674
1709357.9728424,843171.987,566.4208374023438,306,1,0,8,0,0.6600289999041706,0.6608672000002116,200.01221150187132,566.3442094046623,200.0,-0.07662799768149853
1709357.9789851,843171.992,567.4208984375,307,1,0,8,0,0.6650289997924119,0.667009900091216,200.01221150187132,567.3442093823105,200.0,-0.07668905518949032
1709357.9837516,843171.997,568.4209594726562,308,1,0,8,0,0.6700289999134839,0.6717763999477029,200.01220218807714,568.3442094065249,200.0,-0.07675006613135338
1709357.9877701,843172.002,569.4210205078125,309,1,0,8,0,0.6750290000345558,0.6757948999293149,200.01220218807714,569.3442094307393,200.0,-0.07681107707321644
1709357.9927667,843172.007,570.4210815429688,310,1,0,8,0,0.6800289999227971,0.6807915000244975,200.01221150187132,570.3442094083875,200.0,-0.07687213458120823
1709357.9978104,843172.012,571.421142578125,311,1,0,8,0,0.6850289998110384,0.6858352001290768,200.01221150187132,571.3442093860358,200.0,-0.07693319208920002
1709358.0028493,843172.017,572.4212036132812,312,1,0,8,0,0.6900289999321103,0.690874099964276,200.01220218807714,572.3442094102502,200.0,-0.07699420303106308
1709358.0088153,843172.022,573.4212646484375,313,1,0,8,0,0.6950290000531822,0.6968400999903679,200.01220218807714,573.3442094344646,200.0,-0.07705521397292614
1709358.0128304,843172.027,574.4213256835938,314,1,0,8,0,0.7000289999414235,0.7008551999460906,200.01221150187132,574.3442094121128,200.0,-0.07711627148091793
1709358.0184213,843172.032,575.42138671875,315,1,0,8,0,0.7050289998296648,0.7064461000263691,200.01221150187132,575.3442093897611,200.0,-0.07717732898890972
1709358.022063,843172.037,576.4214477539062,316,1,0,8,0,0.7100289999507368,0.7100877999328077,200.01220218807714,576.3442094139755,200.0,-0.07723833993077278
1709358.027115,843172.042,577.4215087890625,317,1,0,8,0,0.7150290000718087,0.715139799984172,200.01220218807714,577.3442094381899,200.0,-0.07729935087263584
1709358.0331708,843172.047,578.4215698242188,318,1,0,8,0,0.72002899996005,0.7211955999955535,200.01221150187132,578.3442094158381,200.0,-0.07736040838062763
1709358.0385079,843172.052,579.421630859375,319,1,0,8,0,0.7250289998482913,0.7265327000059187,200.01221150187132,579.3442093934864,200.0,-0.07742146588861942
1709358.0424601,843172.057,580.4216918945312,320,1,0,8,0,0.7300289999693632,0.7304849000647664,200.01220218807714,580.3442094177008,200.0,-0.07748247683048248
1709358.0475815,843172.062,581.4217529296875,321,1,0,8,0,0.7350290000904351,0.7356062999460846,200.01220218807714,581.3442094419152,200.0,-0.07754348777234554
1709358.0522649,843172.067,582.4218139648438,322,1,0,8,0,0.7400289999786764,0.7402896999847144,200.01221150187132,582.3442094195634,200.0,-0.07760454528033733
1709358.0571889,843172.072,583.421875,323,1,0,8,0,0.7450289998669177,0.7452136999927461,200.01221150187132,583.3442093972117,200.0,-0.07766560278832912
1709358.0627091,843172.077,584.4219360351562,324,1,0,8,0,0.7500289999879897,0.7507339001167566,200.01220218807714,584.3442094214261,200.0,-0.07772661373019218
1709358.0677944,843172.082,585.4219970703125,325,1,0,8,0,0.7550290001090616,0.7558192000724375,200.01220218807714,585.3442094456404,200.0,-0.07778762467205524
1709358.0726864,843172.087,586.4220581054688,326,1,0,8,0,0.7600289999973029,0.7607112000696361,200.01221150187132,586.3442094232887,200.0,-0.07784868218004704
1709358.0776038,843172.092,587.422119140625,327,1,0,8,0,0.7650289998855442,0.7656286000274122,200.01221150187132,587.344209400937,200.0,-0.07790973968803883
1709358.0831374,843172.097,588.4221801757812,328,1,0,8,0,0.7700289997737855,0.7711622000206262,200.01221150187132,588.3442093785852,200.0,-0.07797079719603062
1709358.0871331,843172.102,589.4222412109375,329,1,0,8,0,0.7750289998948574,0.7751579000614583,200.01220218807714,589.3442094027996,200.0,-0.07803180813789368
1709358.0921089,843172.107,590.4223022460938,330,1,0,8,0,0.7800290000159293,0.7801336999982595,200.01220218807714,590.344209427014,200.0,-0.07809281907975674
1709358.0982069,843172.112,591.42236328125,331,1,0,8,0,0.7850289999041706,0.786231700098142,200.01221150187132,591.3442094046623,200.0,-0.07815387658774853
1709358.103191,843172.117,592.4224243164062,332,1,0,8,0,0.7900289997924119,0.7912157999817282,200.01221150187132,592.3442093823105,200.0,-0.07821493409574032
1709358.1072023,843172.122,593.4224853515625,333,1,0,8,0,0.7950289999134839,0.7952271001413465,200.01220218807714,593.3442094065249,200.0,-0.07827594503760338
1709358.1126821,843172.127,594.4225463867188,334,1,0,8,0,0.8000290000345558,0.8007068999577314,200.01220218807714,594.3442094307393,200.0,-0.07833695597946644
1709358.1176716,843172.132,595.422607421875,335,1,0,8,0,0.8050289999227971,0.8056964001152664,200.01221150187132,595.3442094083875,200.0,-0.07839801348745823
1709358.1224628,843172.137,596.4226684570312,336,1,0,8,0,0.8100289998110384,0.810487600043416,200.01221150187132,596.3442093860358,200.0,-0.07845907099545002
1709358.1288384,843172.142,597.4227294921875,337,1,0,8,0,0.8150289999321103,0.8168631999287754,200.01220218807714,597.3442094102502,200.0,-0.07852008193731308
1709358.1328421,843172.147,598.4227905273438,338,1,0,8,0,0.8200290000531822,0.8208669000305235,200.01220218807714,598.3442094344646,200.0,-0.07858109287917614
1709358.1379581,843172.152,599.4228515625,339,1,0,8,0,0.8250289999414235,0.8259829001035541,200.01221150187132,599.3442094121128,200.0,-0.07864215038716793
1709358.1429433,843172.157,600.4229125976562,340,1,0,8,0,0.8300289998296648,0.8309681001119316,200.01221150187132,600.3442093897611,200.0,-0.07870320789515972
1709358.1489749,843172.162,601.4229736328125,341,1,0,8,0,0.8350289999507368,0.8369996999390423,200.01220218807714,601.3442094139755,200.0,-0.07876421883702278
1709358.1539532,843172.167,602.4230346679688,342,1,0,8,0,0.8400290000718087,0.8419780000112951,200.01220218807714,602.3442094381899,200.0,-0.07882522977888584
1709358.1575384,843172.172,603.430419921875,343,1,0,8,0,0.84502899996005,0.8455632000695914,201.47705528461313,603.3442094158381,200.0,-0.08621050603687763
1709358.16255,843172.177,604.4426879882812,344,1,0,8,0,0.8500289998482913,0.8505748000461608,202.453617806441,604.3442093934864,200.0,-0.09847859479486942
1709358.1675762,843172.182,605.4451904296875,345,1,0,8,0,0.8550289999693632,0.8556010001339018,200.5004834262537,605.3442094177008,200.0,-0.10098101198673248
1709358.1726089,843172.187,606.4452514648438,346,1,0,8,0,0.8600290000904351,0.8606336999218911,200.01220218807714,606.3442094419152,200.0,-0.10104202292859554
1709358.1786472,843172.192,607.4453125,347,1,0,8,0,0.8650289999786764,0.8666720001492649,200.01221150187132,607.3442094195634,200.0,-0.10110308043658733
1709358.1825367,843172.197,608.4453735351562,348,1,0,8,0,0.8700289998669177,0.8705615000799298,200.01221150187132,608.3442093972117,200.0,-0.10116413794457912
1709358.1876329,843172.202,609.4454345703125,349,1,0,8,0,0.8750289999879897,0.8756577000021935,200.01220218807714,609.3442094214261,200.0,-0.10122514888644218
1709358.1925615,843172.207,610.4454956054688,350,1,0,8,0,0.8800290001090616,0.8805863000452518,200.01220218807714,610.3442094456404,200.0,-0.10128615982830524
1709358.198034,843172.212,611.445556640625,351,1,0,8,0,0.8850289999973029,0.8860587999224663,200.01221150187132,611.3442094232887,200.0,-0.10134721733629704
1709358.2025115,843172.217,612.4456176757812,352,1,0,8,0,0.8900289998855442,0.8905363001395017,200.01221150187132,612.344209400937,200.0,-0.10140827484428883
1709358.2074992,843172.222,613.4456787109375,353,1,0,8,0,0.8950289997737855,0.8955240000505,200.01221150187132,613.3442093785852,200.0,-0.10146933235228062
1709358.2136546,843172.227,614.4457397460938,354,1,0,8,0,0.9000289998948574,0.9016794001217932,200.01220218807714,614.3442094027996,200.0,-0.10153034329414368
1709358.2186588,843172.232,615.44580078125,355,1,0,8,0,0.9050290000159293,0.9066836000420153,200.01220218807714,615.344209427014,200.0,-0.10159135423600674
1709358.2228184,843172.237,616.4458618164062,356,1,0,8,0,0.9100289999041706,0.9108432000502944,200.01221150187132,616.3442094046623,200.0,-0.10165241174399853
1709358.2273498,843172.242,617.4459228515625,357,1,0,8,0,0.9150289997924119,0.9153746000956744,200.01221150187132,617.3442093823105,200.0,-0.10171346925199032
1709358.2339193,843172.247,618.4459838867188,358,1,0,8,0,0.9200289999134839,0.9219440999440849,200.01220218807714,618.3442094065249,200.0,-0.10177448019385338
1709358.237842,843172.252,619.446044921875,359,1,0,8,0,0.9250290000345558,0.925866800127551,200.01220218807714,619.3442094307393,200.0,-0.10183549113571644
1709358.2438803,843172.257,620.4461059570312,360,1,0,8,0,0.9300289999227971,0.9319051001220942,200.01221150187132,620.3442094083875,200.0,-0.10189654864370823
1709358.2488716,843172.262,621.4461669921875,361,1,0,8,0,0.9350289998110384,0.9368964000605047,200.01221150187132,621.3442093860358,200.0,-0.10195760615170002
1709358.2528783,843172.267,622.4462280273438,362,1,0,8,0,0.9400289999321103,0.9409030999522656,200.01220218807714,622.3442094102502,200.0,-0.10201861709356308
1709358.2579658,843172.272,623.4462890625,363,1,0,8,0,0.9450290000531822,0.9459905999246985,200.01220218807714,623.3442094344646,200.0,-0.10207962803542614
1709358.2629378,843172.277,624.4463500976562,364,1,0,8,0,0.9500289999414235,0.9509626000653952,200.01221150187132,624.3442094121128,200.0,-0.10214068554341793
1709358.2679912,843172.282,625.4464111328125,365,1,0,8,0,0.9550289998296648,0.9560160001274198,200.01221150187132,625.3442093897611,200.0,-0.10220174305140972
1709358.2729512,843172.287,626.4464721679688,366,1,0,8,0,0.9600289999507368,0.960975999943912,200.01220218807714,626.3442094139755,200.0,-0.10226275399327278
1709358.2789332,843172.292,627.446533203125,367,1,0,8,0,0.9650290000718087,0.9669580000918359,200.01220218807714,627.3442094381899,200.0,-0.10232376493513584
1709358.2829422,843172.297,628.4465942382812,368,1,0,8,0,0.97002899996005,0.9709670001175255,200.01221150187132,628.3442094158381,200.0,-0.10238482244312763
1709358.2890073,843172.302,629.4466552734375,369,1,0,8,0,0.9750289998482913,0.9770321000833064,200.01221150187132,629.3442093934864,200.0,-0.10244587995111942
1709358.2941251,843172.307,630.4467163085938,370,1,0,8,0,0.9800289999693632,0.9821498999372125,200.01220218807714,630.3442094177008,200.0,-0.10250689089298248
1709358.2979245,843172.312,631.4520263671875,371,1,0,8,0,0.9850290000904351,0.9859492999967188,201.06200685015676,631.3442094419152,200.0,-0.10781692527234554
1709358.302457,843172.317,632.4652099609375,372,1,0,8,0,0.9900289999786764,0.9904817999340594,202.63672327928373,632.3442094195634,200.0,-0.12100054137408733
1709358.3074697,843172.322,633.4678955078125,373,1,0,8,0,0.9950289998669177,0.9954945000354201,200.5371138573538,633.3442093972117,200.0,-0.12368611060082912
1709358.3134933,843172.327,634.4679565429688,374,1,0,8,0,1.0000289999879897,1.0015181000344455,200.01220218807714,634.3442077394275,199.88400004804151,-0.12374880354127527
1709358.3174616,843172.332,635.4493408203125,375,1,0,8,0,1.0050290001090616,1.0054864000994712,196.2768507160264,635.2936277614465,179.88399956375378,-0.15571305886601294
1709358.323004,843172.337,636.4182739257812,376,1,0,8,0,1.010028999997303,1.0110287999268621,193.7866254252186,636.1430477413969,159.8840000107886,-0.2752261843843371
1709358.3280634,843172.342,637.2890625,377,1,0,8,0,1.0150289998855442,1.0160882000345737,174.15771873647836,636.8924677258176,139.88400045782345,-0.39659477418240385
1709358.3331013,843172.347,638.0675659179688,378,1,0,8,0,1.0200289997737855,1.021126100094989,155.70068707393156,637.5418877147087,119.88400090485828,-0.5256782032600995
1709358.3380989,843172.352,638.7860107421875,379,1,0,8,0,1.0250289998948574,1.0261236999649554,143.6889613644099,638.0913077313261,99.88400042057054,-0.6947030108614172
1709358.3420547,843172.357,639.3623657226562,380,1,0,8,0,1.0300290000159293,1.0300795000512153,115.27099330253357,638.5407277431007,79.8839999362828,-0.8216379795555895
1709358.3470429,843172.362,639.8071899414062,381,1,0,8,0,1.0350289999041706,1.0350677000824362,88.96484573851926,638.8901477360895,59.88400038331765,-0.9170422053167613
1709358.3531046,843172.367,640.2051391601562,382,1,0,8,0,1.040028999792412,1.041129400022328,79.58984552897168,639.1395677335487,39.884000830352484,-1.065571426607562
1709358.3576027,843172.372,640.5031127929688,383,1,0,8,0,1.0450289999134839,1.0456274999305606,59.59472511945027,639.2889877401078,19.884000346064745,-1.2141250528609362
1709358.3625892,843172.377,640.6795043945312,384,1,0,8,0,1.0500290000345558,1.0506140000652522,35.27831945825712,639.3384094238281,0.0,-1.341094970703125
1709358.3683165,843172.382,640.7606201171875,385,1,0,8,0,1.055028999922797,1.0563413000199944,16.223144893865545,639.3384094238281,0.0,-1.422210693359375
1709358.3720811,843172.387,640.7606201171875,386,1,0,8,0,1.0600289998110384,1.060105900047347,0.0,639.3384094238281,0.0,-1.422210693359375
1709358.3780933,843172.392,640.7606201171875,387,1,0,8,0,1.0650289999321103,1.0661180999595672,0.0,639.3384094238281,0.0,-1.422210693359375
1709358.3820773,843172.397,640.7606201171875,388,1,0,8,0,1.0700290000531822,1.070102100027725,0.0,639.3384094238281,0.0,-1.422210693359375
1709358.3871088,843172.402,640.7606201171875,389,1,0,8,0,1.0750289999414235,1.0751336000394076,0.0,639.3384094238281,0.0,-1.422210693359375
1709358.3930692,843172.407,640.7606201171875,390,1,0,8,0,1.0800289998296648,1.0810940000228584,0.0,639.3384094238281,0.0,-1.422210693359375
1709358.3981195,843172.412,640.7606201171875,391,1,0,8,0,1.0850289999507368,1.0861442999448627,0.0,639.3384094238281,0.0,-1.422210693359375
1709358.4023484,843172.417,640.7606201171875,392,1,0,8,0,1.0900290000718087,1.0903732001315802,0.0,639.3384094238281,0.0,-1.422210693359375
1709358.4072954,843172.422,640.7606201171875,393,1,0,8,0,1.09502899996005,1.0953202000819147,0.0,639.3384094238281,0.0,-1.422210693359375
1709358.4123354,843172.427,640.7606201171875,394,1,0,8,0,1.1000289998482913,1.100360200041905,0.0,639.3384094238281,0.0,-1.422210693359375
1709358.4183211,843172.432,640.7606201171875,395,1,0,8,0,1.1050289999693632,1.1063459001015872,0.0,639.3384094238281,0.0,-1.422210693359375
1709358.4223075,843172.437,640.7606201171875,396,1,0,8,0,1.1100290000904351,1.1103322999551892,0.0,639.3384094238281,0.0,-1.422210693359375
1709358.4278573,843172.442,640.7606201171875,397,1,0,8,0,1.1150289999786764,1.115882100071758,0.0,639.3384094238281,0.0,-1.422210693359375
1709358.4326265,843172.447,640.7606201171875,398,1,0,8,0,1.1200289998669177,1.1206513000652194,0.0,639.3384094238281,0.0,-1.422210693359375
1709358.4386021,843172.452,640.7606201171875,399,1,0,8,0,1.1250289999879897,1.1266268999315798,0.0,639.3384094238281,0.0,-1.422210693359375
1709358.4422218,843172.457,640.7606201171875,400,1,0,8,0,1.1300290001090616,1.1302466001361609,0.0,639.3384094238281,0.0,-1.422210693359375
1709358.4474124,843172.462,640.7606201171875,401,1,0,8,0,1.135028999997303,1.1354372000787407,0.0,639.3384094238281,0.0,-1.422210693359375
1709358.4523913,843172.467,640.7606201171875,402,1,0,8,0,1.1400289998855442,1.1404160999227315,0.0,639.3384094238281,0.0,-1.422210693359375
1709358.457459,843172.472,640.7606201171875,403,1,0,8,0,1.1450289997737855,1.145483799977228,0.0,639.3384094238281,0.0,-1.422210693359375
1709358.4629616,843172.477,640.7606201171875,404,1,0,8,0,1.1500289998948574,1.1509863999672234,0.0,639.3384094238281,0.0,-1.422210693359375
1709358.4689824,843172.482,640.7606201171875,405,1,0,8,0,1.1550290000159293,1.1570071999449283,0.0,639.3384094238281,0.0,-1.422210693359375
1709358.4729952,843172.487,640.7606201171875,406,1,0,8,0,1.1600289999041706,1.161019999999553,0.0,639.3384094238281,0.0,-1.422210693359375
1709358.4780209,843172.492,640.7606201171875,407,1,0,8,0,1.165028999792412,1.1660456999670714,0.0,639.3384094238281,0.0,-1.422210693359375
1709358.4820944,843172.497,640.7606201171875,408,1,0,8,0,1.1700289999134839,1.1701192001346499,0.0,639.3384094238281,0.0,-1.422210693359375
1709358.4881011,843172.502,640.7606201171875,409,1,0,8,0,1.1750290000345558,1.1761259001214057,0.0,639.3384094238281,0.0,-1.422210693359375
1709358.4937593,843172.507,640.7606201171875,410,1,0,8,0,1.180028999922797,1.181784100132063,0.0,639.3384094238281,0.0,-1.422210693359375
1709358.4972384,843172.512,640.7606201171875,411,1,0,8,0,1.1850289998110384,1.1852631999645382,0.0,639.3384094238281,0.0,-1.422210693359375
1709358.5023161,843172.517,640.7606201171875,412,1,0,8,0,1.1900289999321103,1.1903409000951797,0.0,639.3384094238281,0.0,-1.422210693359375
1709358.507303,843172.522,640.7606201171875,413,1,0,8,0,1.1950290000531822,1.1953278000000864,0.0,639.3384094238281,0.0,-1.422210693359375
1709358.5133304,843172.527,640.7606201171875,414,1,0,8,0,1.2000289999414235,1.201355200028047,0.0,639.3384094238281,0.0,-1.422210693359375
1709358.518803,843172.532,640.7606201171875,415,1,0,8,0,1.2050289998296648,1.2068278000224382,0.0,639.3384094238281,0.0,-1.422210693359375
1709358.5227581,843172.537,640.7606201171875,416,1,0,8,0,1.2100289999507368,1.2107828999869525,0.0,639.3384094238281,0.0,-1.422210693359375
1709358.5278646,843172.542,640.7606201171875,417,1,0,8,0,1.2150290000718087,1.2158894001040608,0.0,639.3384094238281,0.0,-1.422210693359375
1709358.5328274,843172.547,640.7606201171875,418,1,0,8,0,1.22002899996005,1.2208521999418736,0.0,639.3384094238281,0.0,-1.422210693359375
1709358.5381945,843172.552,640.7606201171875,419,1,0,8,0,1.2250289998482913,1.226219299947843,0.0,639.3384094238281,0.0,-1.422210693359375
1709358.5439923,843172.557,640.7606201171875,420,1,0,8,0,1.2300289999693632,1.232017100090161,0.0,639.3384094238281,0.0,-1.422210693359375
1709358.5483961,843172.562,640.7606201171875,421,1,0,8,0,1.2350290000904351,1.2364209000952542,0.0,639.3384094238281,0.0,-1.422210693359375
1709358.5528051,843172.567,640.7606201171875,422,1,0,8,0,1.2400289999786764,1.2408299001399428,0.0,639.3384094238281,0.0,-1.422210693359375
1709358.5583233,843172.572,640.7606201171875,423,1,0,8,0,1.2450289998669177,1.2463481000158936,0.0,639.3384094238281,0.0,-1.422210693359375
1709358.5634488,843172.577,640.7606201171875,424,1,0,8,0,1.2500289999879897,1.2514736000448465,0.0,639.3384094238281,0.0,-1.422210693359375
1709358.5679643,843172.582,640.7606201171875,425,1,0,8,0,1.2550290001090616,1.2559891000855714,0.0,639.3384094238281,0.0,-1.422210693359375
1709358.5729405,843172.587,640.7606201171875,426,1,0,8,0,1.260028999997303,1.2609653000254184,0.0,639.3384094238281,0.0,-1.422210693359375
1709358.5779365,843172.592,640.7606201171875,427,1,0,8,0,1.2650289998855442,1.2659613001160324,0.0,639.3384094238281,0.0,-1.422210693359375
1709358.5836269,843172.597,640.7606201171875,428,1,0,8,0,1.2700289997737855,1.2716517001390457,0.0,639.3384094238281,0.0,-1.422210693359375
1709358.5877194,843172.602,640.7606201171875,429,1,0,8,0,1.2750289998948574,1.2757441999856383,0.0,639.3384094238281,0.0,-1.422210693359375
1709358.5922276,843172.607,640.7606201171875,430,1,0,8,0,1.2800290000159293,1.2802524000871927,0.0,639.3384094238281,0.0,-1.422210693359375
1709358.5972187,843172.612,640.7606201171875,431,1,0,8,0,1.2850289999041706,1.2852435000240803,0.0,639.3384094238281,0.0,-1.422210693359375
1709358.6023709,843172.617,640.7606201171875,432,1,0,8,0,1.290028999792412,1.2903957001399249,0.0,639.3384094238281,0.0,-1.422210693359375
1709358.6075995,843172.622,640.7606201171875,433,1,0,8,0,1.2950289999134839,1.2956243001390249,0.0,639.3384094238281,0.0,-1.422210693359375
1709358.612623,843172.627,640.7606201171875,434,1,0,8,0,1.3000290000345558,1.3006478000897914,0.0,639.3384094238281,0.0,-1.422210693359375
1709358.6171693,843172.632,640.7606201171875,435,1,0,8,0,1.305028999922797,1.305194100132212,0.0,639.3384094238281,0.0,-1.422210693359375
1709358.6237986,843172.637,640.7606201171875,436,1,0,8,0,1.3100289998110384,1.311823399970308,0.0,639.3384094238281,0.0,-1.422210693359375
1709358.6287975,843172.642,640.7606201171875,437,1,0,8,0,1.3150289999321103,1.3168222999665886,0.0,639.3384094238281,0.0,-1.422210693359375
1709358.6324536,843172.647,640.7606201171875,438,1,0,8,0,1.3200290000531822,1.320478399982676,0.0,639.3384094238281,0.0,-1.422210693359375
1709358.6373581,843172.652,640.7606201171875,439,1,0,8,0,1.3250289999414235,1.3253828999586403,0.0,639.3384094238281,0.0,-1.422210693359375
1709358.6422979,843172.657,640.7606201171875,440,1,0,8,0,1.3300289998296648,1.330322700086981,0.0,639.3384094238281,0.0,-1.422210693359375
1709358.6473934,843172.662,640.7606201171875,441,1,0,8,0,1.3350289999507368,1.3354182001203299,0.0,639.3384094238281,0.0,-1.422210693359375
1709358.6535581,843172.667,640.7606201171875,442,1,0,8,0,1.3400290000718087,1.3415829001460224,0.0,639.3384094238281,0.0,-1.422210693359375
1709358.658032,843172.672,640.7606201171875,443,1,0,8,0,1.34502899996005,1.346056800102815,0.0,639.3384094238281,0.0,-1.422210693359375
1709358.662626,843172.677,640.7606201171875,444,1,0,8,0,1.3500289998482913,1.3506507999263704,0.0,639.3384094238281,0.0,-1.422210693359375
1709358.6676835,843172.682,640.7606201171875,445,1,0,8,0,1.3550289999693632,1.3557083001360297,0.0,639.3384094238281,0.0,-1.422210693359375
1709358.6721721,843172.687,640.7606201171875,446,1,0,8,0,1.3600290000904351,1.36019690008834,0.0,639.3384094238281,0.0,-1.422210693359375
1709358.678199,843172.692,640.7606201171875,447,1,0,8,0,1.3650289999786764,1.366223799996078,0.0,639.3384094238281,0.0,-1.422210693359375
1709358.6825038,843172.697,640.7606201171875,448,1,0,8,0,1.3700289998669177,1.3705285999458283,0.0,639.3384094238281,0.0,-1.422210693359375
1709358.6870042,843172.702,640.7606201171875,449,1,0,8,0,1.3750289999879897,1.3750289999879897,0.0,639.3384094238281,0.0,-1.422210693359375
1709358.6920272,843172.707,640.7606201171875,450,1,0,8,0,1.3800290001090616,1.3800520000513643,0.0,639.3384094238281,0.0,-1.422210693359375
1709358.6970269,843172.712,640.7606201171875,451,1,0,8,0,1.385028999997303,1.3850517000537366,0.0,639.3384094238281,0.0,-1.422210693359375
1709358.7030779,843172.717,640.7606201171875,452,1,0,8,0,1.3900289998855442,1.3911027000285685,0.0,639.3384094238281,0.0,-1.422210693359375
1709358.7081888,843172.722,640.7606201171875,453,1,0,8,0,1.3950289997737855,1.3962135999463499,0.0,639.3384094238281,0.0,-1.422210693359375
1709358.7127867,843172.727,640.7606201171875,454,1,0,8,0,1.4000289998948574,1.4008115001488477,0.0,639.3384094238281,0.0,-1.422210693359375
1709358.7172279,843172.732,640.7606201171875,455,1,0,8,0,1.4050290000159293,1.4052526999730617,0.0,639.3384094238281,0.0,-1.422210693359375
1709358.7232621,843172.737,640.7606201171875,456,1,0,8,0,1.4100289999041706,1.4112869000528008,0.0,639.3384094238281,0.0,-1.422210693359375
1709358.7278907,843172.742,640.7606201171875,457,1,0,8,0,1.415028999792412,1.4159155001398176,0.0,639.3384094238281,0.0,-1.422210693359375
1709358.7326574,843172.747,640.7606201171875,458,1,0,8,0,1.4200289999134839,1.4206821999978274,0.0,639.3384094238281,0.0,-1.422210693359375
1709358.7377217,843172.752,640.7606201171875,459,1,0,8,0,1.4250290000345558,1.4257465000264347,0.0,639.3384094238281,0.0,-1.422210693359375
1709358.7431507,843172.757,640.7606201171875,460,1,0,8,0,1.430028999922797,1.4311754999216646,0.0,639.3384094238281,0.0,-1.422210693359375
1709358.7475837,843172.762,640.7606201171875,461,1,0,8,0,1.4350289998110384,1.435608500149101,0.0,639.3384094238281,0.0,-1.422210693359375
1709358.7536052,843172.767,640.7606201171875,462,1,0,8,0,1.4400289999321103,1.4416300000157207,0.0,639.3384094238281,0.0,-1.422210693359375
1709358.7576393,843172.772,640.7606201171875,463,1,0,8,0,1.4450290000531822,1.4456641001161188,0.0,639.3384094238281,0.0,-1.422210693359375
1709358.7631704,843172.777,640.7606201171875,464,1,0,8,0,1.4500289999414235,1.4511951999738812,0.0,639.3384094238281,0.0,-1.422210693359375
1709358.7686292,843172.782,640.7606201171875,465,1,0,8,0,1.4550289998296648,1.456654000096023,0.0,639.3384094238281,0.0,-1.422210693359375
1709358.7725828,843172.787,640.7606201171875,466,1,0,8,0,1.4600289999507368,1.4606075999327004,0.0,639.3384094238281,0.0,-1.422210693359375
1709358.7782342,843172.792,640.7606201171875,467,1,0,8,0,1.4650290000718087,1.4662590001244098,0.0,639.3384094238281,0.0,-1.422210693359375
1709358.7837781,843172.797,640.7606201171875,468,1,0,8,0,1.47002899996005,1.4718029000796378,0.0,639.3384094238281,0.0,-1.422210693359375
1709358.7876136,843172.802,640.7606201171875,469,1,0,8,0,1.4750289998482913,1.4756384000647813,0.0,639.3384094238281,0.0,-1.422210693359375
1709358.7931224,843172.807,640.7606201171875,470,1,0,8,0,1.4800289999693632,1.4811472001019865,0.0,639.3384094238281,0.0,-1.422210693359375
1709358.7971519,843172.812,640.7606201171875,471,1,0,8,0,1.4850290000904351,1.4851766999345273,0.0,639.3384094238281,0.0,-1.422210693359375
1709358.8026834,843172.817,640.7606201171875,472,1,0,8,0,1.4900289999786764,1.4907082000281662,0.0,639.3384094238281,0.0,-1.422210693359375
1709358.8076878,843172.822,640.7606201171875,473,1,0,8,0,1.4950289998669177,1.4957125999499112,0.0,639.3384094238281,0.0,-1.422210693359375
1709358.8137093,843172.827,640.7606201171875,474,1,0,8,0,1.5000289999879897,1.5017341000493616,0.0,639.3384094238281,0.0,-1.422210693359375
1709358.8172668,843172.832,640.7606201171875,475,1,0,8,0,1.5050290001090616,1.5052916000131518,0.0,639.3384094238281,0.0,-1.422210693359375
1709358.8229698,843172.837,640.7606201171875,476,1,0,8,0,1.510028999997303,1.5109946001321077,0.0,639.3384094238281,0.0,-1.422210693359375
1709358.8277482,843172.842,640.7606201171875,477,1,0,8,0,1.5150289998855442,1.5157729999627918,0.0,639.3384094238281,0.0,-1.422210693359375
1709358.8327969,843172.847,640.7606201171875,478,1,0,8,0,1.5200289997737855,1.5208217001054436,0.0,639.3384094238281,0.0,-1.422210693359375
1709358.8380488,843172.852,640.7606201171875,479,1,0,8,0,1.5250289998948574,1.5260735999327153,0.0,639.3384094238281,0.0,-1.422210693359375
1709358.8423972,843172.857,640.7606201171875,480,1,0,8,0,1.5300290000159293,1.5304219999816269,0.0,639.3384094238281,0.0,-1.422210693359375
1709358.8478953,843172.862,640.7606201171875,481,1,0,8,0,1.5350289999041706,1.5359201000537723,0.0,639.3384094238281,0.0,-1.422210693359375
1709358.8535321,843172.867,640.7606201171875,482,1,0,8,0,1.540028999792412,1.5415569001343101,0.0,639.3384094238281,0.0,-1.422210693359375
1709358.8570189,843172.872,640.7606201171875,483,1,0,8,0,1.5450289999134839,1.5450437001418322,0.0,639.3384094238281,0.0,-1.422210693359375
1709358.8621376,843172.877,640.7606201171875,484,1,0,8,0,1.5500290000345558,1.5501624001190066,0.0,639.3384094238281,0.0,-1.422210693359375
