step,scheduled_send_s,deadline_s,target_um,token,sent_abs_s,write_end_abs_s,ack_abs_s,write_ok,ack_required,actual_um,error_um,delay_ms,absolute_delay_ms,send_time_s,send_lateness_ms,write_duration_ms,ack_time_s
1,0.0,0.05,249.81365966796875,10,1709346.202621,1709346.202732,1709346.2158472,True,True,248.662703196707,1.1509564712617362,5.779542022446306,5.779542022446306,0.00011819996871054173,0.11819996871054173,0.11100014671683311,0.013344400096684694
2,0.05,0.1,259.81365966796875,11,1709346.262928,1709346.2630959,1709346.2780391,True,True,256.9628050805705,2.85085458739826,14.315601240496573,14.315601240496573,0.060425200033932924,10.42520003393292,0.16789999790489674,0.07553630019538105
3,0.1,0.15000000000000002,269.81365966796875,12,1709346.3095205,1709346.3097365,1709346.3255965,True,True,268.6627295686035,1.1509300993652687,5.779409595645076,5.779409595645076,0.10701770009472966,7.017700094729657,0.21600001491606236,0.12309370003640652
4,0.15000000000000002,0.2,279.81365966796875,14,1709346.3567701,1709346.3570476,1709346.371717,True,True,278.6852796707328,1.1283799972359247,5.666173981509186,5.666173981509186,0.15426730015315115,4.267300153151132,0.2774999011307955,0.16921419999562204
5,0.2,0.25,289.81365966796875,15,1709346.40285,1709346.4030162,1709346.4178466,True,True,289.2414610625602,0.5721986054085733,2.873302307878483,2.873302307878483,0.2003472000360489,0.34720003604887806,0.16620010137557983,0.21534380014054477
6,0.25,0.30000000000000004,299.81365966796875,16,1709346.4645448,1709346.4646751,1709346.4797229,True,True,296.12536155687616,3.6882981110925925,18.520834155439925,18.520834155439925,0.2620420001912862,12.042000191286206,0.13029994443058968,0.27722010016441345
7,0.30000000000000004,0.35000000000000003,309.81365966796875,17,1709346.5106082,1709346.5107183,1709346.526801,True,True,308.43986375496826,1.3737959130004924,6.898533009460564,6.898533009460564,0.3081054000649601,8.105400064960078,0.11010002344846725,0.32429820019751787
8,0.35000000000000003,0.4,319.81365966796875,18,1709346.5583007,1709346.558423,1709346.5742083,True,True,318.3698869340709,1.4437727338978448,7.2499224729822265,7.2499224729822265,0.3557979001197964,5.7979001197963616,0.12229988351464272,0.37170550017617643
9,0.4,0.45,329.81365966796875,20,1709346.6059607,1709346.6060726,1709346.6215353,True,True,328.8782300008573,0.9354296671114639,4.69727153468015,4.69727153468015,0.40345790004357696,3.4579000435769336,0.11190003715455532,0.4190325001254678
10,0.45,0.5,339.81365966796875,21,1709346.6531708,1709346.6532993,1709346.6681052,True,True,339.06149890435705,0.7521607636116983,3.7769844902679552,3.7769844902679552,0.4506680001504719,0.6680001504719146,0.1284999307245016,0.46560240001417696
11,0.5,0.55,349.81365966796875,22,1709346.7153786,1709346.7155489,1709346.7307757,True,True,345.76512776231357,4.048531905655182,20.329752568572783,20.329752568572783,0.5128758000209928,12.875800020992756,0.17030001617968082,0.5282729000318795
12,0.55,0.6000000000000001,359.81365966796875,23,1709346.7615203,1709346.7616356,1709346.777143,True,True,358.2723083941871,1.541351273781629,7.739914306582192,7.739914306582192,0.5590175001416355,9.017500141635493,0.11529983021318913,0.5746402000077069
13,0.6000000000000001,0.65,369.81365966796875,24,1709346.8083775,1709346.8084959,1709346.8239377,True,True,368.5637142990754,1.24994536889335,6.2766159847572975,6.2766159847572975,0.6058747000060976,5.874700006097466,0.1183999702334404,0.6214348999783397
14,0.65,0.7000000000000001,379.81365966796875,25,1709346.8549148,1709346.8551145,1709346.8702237,True,True,378.93009841765735,0.8835612503114021,4.436813644204858,4.436813644204858,0.6524120001122355,2.412000112235524,0.19970000721514225,0.667720900150016
15,0.7000000000000001,0.75,389.81365966796875,27,1709346.9176545,1709346.9177623,1709346.9340433,True,True,385.2732822052443,4.54037746272445,22.799561059695915,22.799561059695915,0.7151517001911998,15.151700191199712,0.10779988951981068,0.7315405001863837
16,0.75,0.8,399.81365966796875,28,1709346.9658776,1709346.9660885,1709346.9810102,True,True,397.620650401025,2.1930092669437613,11.012222903635198,11.012222903635198,0.7633748000953346,13.374800095334649,0.210900092497468,0.7785074000712484
17,0.8,0.8500000000000001,409.81365966796875,29,1709347.0120755,1709347.0122604,1709347.0280904,True,True,408.09553866039755,1.7181210075711988,8.627565690664062,8.627565690664062,0.8095727001782507,9.572700178250626,0.18489989452064037,0.825587600003928
18,0.8500000000000001,0.9,419.81365966796875,30,1709347.0594568,1709347.0596212,1709347.0750755,True,True,418.2975344946705,1.516125173298235,7.613241133923976,7.613241133923976,0.856954000191763,6.954000191762955,0.16439985483884811,0.8725727000273764
19,0.9,0.9500000000000001,429.81365966796875,31,1709347.1065715,1709347.1067556,1709347.1214876,True,True,428.7415823549094,1.072077313059367,5.383449363072301,5.383449363072301,0.9040687000378966,4.068700037896611,0.18410012125968933,0.9189848001115024
20,0.9500000000000001,1.0,439.81365966796875,33,1709347.1535487,1709347.1536988,1709347.1689561,True,True,438.9731164669414,0.8405432010273444,4.220797982649628,4.220797982649628,0.9510459001176059,1.045900117605858,0.15009986236691475,0.9664533000905067
